user_hashed_email,gender,age_range,household_income,marital_status,profession
b36a83701f1c3191e19722d6f90274bc1b5501fe69ebf33313e440fe4b0fe210,Unknown,45-54,"$94,001–$153,000",Unknown,Data Scientist
2b3b2b9ce842ab8b6a6c614cb1f9604bb8a0d502d1af49c526b72b10894e95b5,Unknown,25-34,"$30,001–$58,020",Divorced,Doctor
898628e28890f937bdf009391def42879c401a4bcf1b5fd24e738d9f5da8cbbb,Unknown,45-54,"< $30,000",Unknown,Software Developer/Engineer
40d71d3f998c168e7a254e75c0a1020185cfc67ab52790be92502835953fc41d,Female,65+,"> $250,000",Divorced,Software Developer/Engineer
4d8f4dd97e0c7b6fed6367bed08adc1fe2c7f6d22fc76f46d63c674c10e4d062,Male,25-34,"$153,000 - $250,000",Single,Nurse
b430419a8a3fa1ce5cafd92d89fe3e832b39b1f1cab0f351c1b270b585d5eded,Unknown,45-54,"$153,000 - $250,000",Unknown,Data Scientist
38121022af9b425b5dbf9b56823cf14183bd617022a8bc39a5843c9d7035d039,Unknown,55-64,"$94,001–$153,000",Unknown,Teacher/Educator
675657c179a97bde8a8cb572bfe434126b57311f5e9b49171855c5b6d0952dc5,Male,55-64,"$30,001–$58,020",Single,Accountant
b1e700bec7b4c7c386a589aa095a87af1792fe4b7b95c011e52e6f73327b098e,Female,55-64,"$30,001–$58,020",Married,Software Developer/Engineer
1cc95683bbb5c48117e33ef95a500d2224f8c0df2e32b608622b51db69956982,Female,55-64,"$94,001–$153,000",Divorced,Teacher/Educator
69e6267c53626874ae2ad01d9acae62c21ddfc993ae0967df0a69e13ea2747d7,Unknown,18-24,"$153,000 - $250,000",Single,Civil Engineer
882ecc75a8c8ab735ee5a9223cd6cd5e6bef1eec2a5da7957cb2a8ff7b2ab6cb,Male,55-64,"$153,000 - $250,000",Divorced,Civil Engineer
f221e7d82b835de7bab094045e7dd90e0451500180497c8c7d4fb5ee19568280,Unknown,65+,"$153,000 - $250,000",Married,Lawyer
241b6d9462fcc1986123393cd2e75cb4356647f401262691f7fe1f639415bca8,Female,35-44,"> $250,000",Unknown,Sales Executive
19e2f1dbc9e6c95e44b1ac158fc7da85ef17b7a10712408949cbb76c0327f768,Male,65+,"< $30,000",Married,Accountant
67df3e41329159dd30a10d56995bd963cdf45bef4432d1cdddd034a61d6bf53f,Female,55-64,"< $30,000",Single,Accountant
93aa53ab9b59fb4220dc680e56f570703af13be19feff3c257436158db775050,Female,18-24,"$30,001–$58,020",Unknown,Marketing Analyst
488500947eaecc9083606cb4cd6b8b2dbce09e3b513c069aa55ce11026bf88e5,Female,25-34,"< $30,000",Single,Accountant
66539894c8b69c8b65d6eb5eae0dcdecfc811c8ec3d4d3ab1bb135d9a8b778ad,Unknown,65+,"< $30,000",Unknown,Software Developer/Engineer
874c06ecc187c90d2fbdc21ef3b70c202e378e380cee50ad564ec11351f66341,Female,35-44,"> $250,000",Married,Doctor
7f76695c184a7084f522c097b2cfa304224a1be5fd07a517097532899a00d1e7,Unknown,45-54,"$30,001–$58,020",Unknown,Lawyer
686376fa04fb444aa2dba70805e188a2443dc0d536c1753f5a41f2b6fd21ac57,Male,18-24,"$30,001–$58,020",Unknown,Accountant
edd264cc8a18a5c5ecf6b013a0d566c0834fa821459682407a880943d7923553,Female,18-24,"< $30,000",Unknown,Sales Executive
455e611757446dab1b02b2c4553727ba622bbd922cd1fb2a2cd6dcfa2978f68b,Female,45-54,"$30,001–$58,020",Single,Teacher/Educator
8c25af03c57c291b8dc1ecebab5688d2bc6b38c913102d5542406324e2668bb8,Male,55-64,"$153,000 - $250,000",Divorced,Doctor
72b2c786c65f1ba907092b7f8066e7a017da40d4dcf3f6199d44de48487420b2,Female,18-24,"$94,001–$153,000",Divorced,Teacher/Educator
cc491774cd2fdb0b6b9c51c5c7486537ff5001aef68eaed81e740e6d2018b66a,Female,25-34,"$58,021–$94,000",Married,Lawyer
ad4552a28b86fc1eb3721b24c2fef76fa7660949437e0f8bd3713b1b7237bfd9,Female,45-54,"$94,001–$153,000",Unknown,Sales Executive
465b1d6ac7dc2426ecdb8d4088e48df6da123fd1eb308cebf6a5343e7d962c9d,Female,55-64,"$30,001–$58,020",Unknown,Data Scientist
ec0946868db078d04539e484582e614c94bb7e44a565b54efb24c2bdc09ffdab,Male,35-44,"$153,000 - $250,000",Divorced,Sales Executive
efd6a580de69c99cd883b63a77cda4e9bd7d79fa66d8b5c775153adceb39dd20,Unknown,55-64,"$58,021–$94,000",Married,Lawyer
7d2438818506f2057014c918930174ff5387b0f67eab305cf857fac65c7f1bfd,Unknown,18-24,"$94,001–$153,000",Unknown,Civil Engineer
a562ac3d4054b78aa1897e6ce90928f8b377249be294aaa63d6f84d3ff827af7,Male,25-34,"$58,021–$94,000",Married,Software Developer/Engineer
ba28612cb0c7ca6b13391a1bb7ed21945f0a95c67481bb5bbcc97b58a84b2e45,Unknown,55-64,"> $250,000",Married,Accountant
fbc9d5c359d8c01ac6af7e1c07397432bdd2f2f8570fa9ec603e710e92a5a133,Unknown,65+,"< $30,000",Single,Lawyer
0276ee7a363ce7dbf1f6daf66d22d1d80737cdc27b374c833b46d8618e05e305,Female,55-64,"$58,021–$94,000",Divorced,Teacher/Educator
70d10a9896d627e766bcbc4fa65ce2326c2168e83c257f49945856a77c5f18dd,Unknown,65+,"$94,001–$153,000",Single,Civil Engineer
c3a3191664df0d5c02f99c3e764eeeaa6b45b66ae80fdcfbebf056846a4c443d,Male,55-64,"< $30,000",Married,Software Developer/Engineer
8d9af2fcf6d24b79c9801982f6d541f06023b25c189600479fa84a78d0013863,Female,55-64,"< $30,000",Married,Civil Engineer
a6d62fadd3064af68712b05c35bfbce07416ac011013014b4e66e37cadb3c309,Unknown,25-34,"> $250,000",Divorced,Civil Engineer
33c43b6e6295656b7f3e3eb0deaef8d97809fa20bdd12186d83e32eae998bc69,Male,65+,"$94,001–$153,000",Single,Accountant
0b4eed6a0d5eab16ee89d796aeb47fcc0f21394df7f54c8b3baf72467a67da6c,Female,18-24,"$94,001–$153,000",Single,Nurse
d594f7e25f464bde603a9732a1add02a8ef65fb7081743abfa4e469aa05f49a9,Female,65+,"> $250,000",Single,Accountant
02a6a65b6c88b0dcc0bdd1a7c13493797820f72295ff3463eff6858d3e63e94c,Male,45-54,"$153,000 - $250,000",Single,Data Scientist
5a9a9d95db29e072ca70ff46c84e9ba83d7adf04655d47ed1e16e40060f459e1,Female,45-54,"$30,001–$58,020",Unknown,Teacher/Educator
048389ec00f05f7fade4eff690f7a48611d923df70ae5a7ab33087b1b8db3e09,Male,45-54,"> $250,000",Unknown,Software Developer/Engineer
159ea7cd62233088a2496cfa4c4526562b6fc572636386903113bdedb8cca39b,Male,45-54,"$94,001–$153,000",Married,Doctor
f5cd92ba48393c1c5f4cea57db2776564e45418c753dec5ee8bf3f20236392c9,Male,55-64,"$94,001–$153,000",Single,Software Developer/Engineer
25ed52f3b8a3b88a725f960c2b1e50927fce5d8822f40d29848e9e784183b339,Female,45-54,"< $30,000",Married,Doctor
8e6a08fb163c348aa4751eb7f0d41a213e3f8af8ae2f8a84f6d894bc80d2c1ee,Female,55-64,"$94,001–$153,000",Single,Teacher/Educator
5cdb49c620c03631938369d64f7c111d2c0bd470839c98f220625a5a63dd3e73,Female,25-34,"< $30,000",Divorced,Civil Engineer
bbec1ca58f0e1f7c26954f887e631423e9ef65e5f0bc4cacfab79b1e05fe84f3,Unknown,25-34,"$30,001–$58,020",Single,Teacher/Educator
7eae2259ba092a52268a26850b3a2465bf87a1ac71afc81b4c7935787ca41500,Female,25-34,"$94,001–$153,000",Unknown,Teacher/Educator
e967a9c021c54e663bc75600a04b8ae18c028b820c6d55df7acf7b9b25ad924d,Unknown,55-64,"$94,001–$153,000",Divorced,Doctor
741d2c9b7823197280498e651d52da07bfa28ef7d9ed67d2bf7beae95730f3cb,Male,35-44,"$58,021–$94,000",Unknown,Doctor
f03dc0a8cb6a3421c366a65aeb3322e02a4fe9c8392a7cbb9faff1fd8201bf4a,Unknown,55-64,"> $250,000",Married,Lawyer
7bd08834d8643067d5b23d63600749061ad63ccdec190ca3339441089c24a2f4,Unknown,45-54,"$58,021–$94,000",Divorced,Doctor
61a4cd190cb3efb5c3dfe153954d85482a705e7fb0fbc877bb3898569337cf3f,Unknown,25-34,"$153,000 - $250,000",Divorced,Civil Engineer
a99e0722227346b4884e9efab8c9eade7f3c5e4a6172bd4152ac2b6bc6f2b1d2,Male,55-64,"> $250,000",Married,Software Developer/Engineer
5753989f234011667a99d9bb296ac243c05999a23e080ef3265083021560b05f,Male,45-54,"$58,021–$94,000",Unknown,Accountant
f5de927e823a4087de630c22f3173d0ee037e27ca18caa33f17f4ee4ac053eca,Unknown,65+,"< $30,000",Divorced,Data Scientist
aa84db913fc0c56f86f95b1a51afca27e3a8ad9fdaba9d5b1effc5a22c70bc0d,Unknown,55-64,"$153,000 - $250,000",Unknown,Data Scientist
410b5d5b35c22297d50f0018a54f82ff23a00463cb1f9c9d60bf939422de98c8,Female,45-54,"> $250,000",Unknown,Doctor
308bf0d77b78c1b34301ea55f1b9b1d12364e02917e015adee621343cdb63be1,Female,18-24,"$94,001–$153,000",Divorced,Nurse
a957dac968adde8777e385de1c642e18208348c14341637ae8a01591e9794359,Unknown,25-34,"< $30,000",Married,Accountant
15dc0eb13231f3330041c1ab49c7574a70aa4a61f642797f4203409d86a9b2fc,Female,55-64,"$153,000 - $250,000",Single,Sales Executive
84d249409195073003daac564eabd99f7b5e5e06c68a7e5e7b1c680d09938e0e,Male,45-54,"$30,001–$58,020",Single,Data Scientist
5238d4bdb811e96481e4dc825b05916a9e6327e1f7a6f6c96e4f45638ef7df30,Unknown,18-24,"$30,001–$58,020",Unknown,Data Scientist
5f2c3214d8642f810d1370d5a195bb12721fd9f09989c6150120e0ca84054e08,Female,18-24,"$30,001–$58,020",Single,Nurse
10e978e3e34d972d7965cba0b2e846dffb607c950955431d07c19597da5efb93,Unknown,35-44,"> $250,000",Married,Data Scientist
3f61fd8edee5f8fb7828d7bd473d78063dfea1900faddaa2eafc7be201b790bc,Unknown,45-54,"$94,001–$153,000",Divorced,Teacher/Educator
2c41b9d011bc28e71842637075e2a67cf4e73010172f4a18985494467d73a6d6,Female,55-64,"< $30,000",Unknown,Software Developer/Engineer
00b340221ad566a1400936daadce44a7c61b5b04505fc66d3d55d96bde434bc1,Female,55-64,"$94,001–$153,000",Unknown,Marketing Analyst
5f5042662f0888477f61f4e44eff10dfb50ca3a4034046fac783e788b47c09eb,Unknown,55-64,"$94,001–$153,000",Divorced,Accountant
b881e2ca1096be8514ee6a61d2c8053e196ffe97803bf4ac912a4b8994091b63,Male,65+,"$58,021–$94,000",Single,Software Developer/Engineer
1dca3865f17c2ca97fefc8f62fcd740e06bd913bc4adcbf22df765e3980f718f,Male,55-64,"$58,021–$94,000",Divorced,Data Scientist
9f65e294850dc82df7e6a04714bb563c22818eb135d9f2033540e39e6c0e8349,Female,35-44,"$153,000 - $250,000",Divorced,Doctor
23774e98ed75f4207193f344055ba752d25b92a7ddaf1670a058a66ca3af06ea,Unknown,35-44,"$153,000 - $250,000",Single,Software Developer/Engineer
079fabe3cfbd5d5d57c38791ac604ae02aad7c5bed97d5aca6561e8f017a9e82,Male,18-24,"$30,001–$58,020",Single,Sales Executive
cdbe7cccc0d4d8bb60414a0cc4303b82f2ced7de9ad389b01c45d62c8b9f866d,Male,55-64,"$94,001–$153,000",Divorced,Accountant
6d60151c48bcb3b05160620d4d9fdf6d2c3d3e32886ef3182a0cbe7c104d536c,Male,55-64,"$30,001–$58,020",Single,Data Scientist
ea054040330b6ad182df6f22764f00f081886187f9f8662a71d1160361fdfba9,Unknown,55-64,"< $30,000",Unknown,Marketing Analyst
1c647d004c91e3a20e3bae79b51ed1b90d0d1fdca12b1fe3b420695fa9edd4ea,Unknown,45-54,"$58,021–$94,000",Single,Nurse
af87a19f51f28ed9f9ff2fe50d05bae7b0fd7e27be422c5be7184853db62e079,Unknown,35-44,"$153,000 - $250,000",Divorced,Marketing Analyst
1c3c150b60c18ebda6d93d5ab24785b8eefc2698a9d211d7f9800672ffa2916e,Male,18-24,"< $30,000",Divorced,Doctor
9104b561ee63b7cb60084fad4269912d7f4d480974ff478d0617712525188566,Female,45-54,"$94,001–$153,000",Married,Software Developer/Engineer
9d175b92f1fe6261e74542a1530c2603bd312e7c820164ad59cc72537d4cad44,Unknown,55-64,"< $30,000",Married,Nurse
db597abc24a6facfd24ebc78da09608969aaf98ccdeef776c9312c51ce8b437b,Female,65+,"$153,000 - $250,000",Unknown,Data Scientist
45515fd8302b52215f8ceef996c5660529bfe27d5955f27e6608ef4504f77445,Unknown,35-44,"$58,021–$94,000",Divorced,Sales Executive
b6e523c79f780659f2bdd2b1c137b8e40877597b788c77015d8c0756ebfde165,Male,65+,"< $30,000",Divorced,Accountant
f2b1a3326836af85f203c4ebf70004a59eb5f6ad6ee75a15cf08a2c12c6b129c,Female,25-34,"> $250,000",Married,Sales Executive
dbf0c61b90e105298668a0d05a4a47f13cc6ffa8c99f70895629ee617064d68a,Unknown,65+,"$58,021–$94,000",Unknown,Doctor
48faedeed8aa98c5c360f54cc64bb7ca72a891eaa75ed813ca1c4544d7b1057c,Unknown,35-44,"$30,001–$58,020",Unknown,Lawyer
fce79aed97fc560e4c0b2e044477e3ee9cdd1fabf8f726d18bc1f7b5a4f8f0c5,Female,35-44,"$58,021–$94,000",Single,Software Developer/Engineer
dbe180d9c3ae5f03756061c897e6c6018848eca9ae9da507c9e8cd0fe53590de,Unknown,25-34,"$30,001–$58,020",Married,Lawyer
4b36fcecc8960ce05dca75c24937e2a1b25e0ce3e062181c9bf8d94e31719b5c,Unknown,35-44,"$30,001–$58,020",Married,Data Scientist
52c0c448d7ff2be77bc8d091c5d0672fa8e89921cf16bf7cb5ce82e662293a9b,Unknown,45-54,"> $250,000",Unknown,Marketing Analyst
8318650a76c3e4157b1fd59639583384ccdc2f3b2e7b4fb9ac984692b6596caa,Unknown,35-44,"$153,000 - $250,000",Single,Lawyer
5ac244099108429db98c3753530059f6388fef6a23be95fd8a1fc202ddcd2338,Female,18-24,"$94,001–$153,000",Divorced,Sales Executive
4e69c54e97cf06ccde17c8ff09e31acf56a3c12051fd0b1acb803531f2f72339,Female,35-44,"< $30,000",Divorced,Accountant
9fa96f5846a7520d4d36bf108e19af2dfbb5b41b7ae54e95991edc3d70eec424,Female,65+,"< $30,000",Married,Marketing Analyst
2c330ac2b00524d85fb060371b3390e62eb494e8c4529a81fd6a05b3bd1099b0,Female,55-64,"> $250,000",Married,Civil Engineer
404bcf806dd342ff64faf3febad9b462e655ff9930d4701ff6ddb9d981fd7c7c,Male,45-54,"< $30,000",Single,Nurse
3e4abda2137dcc6ac7b5f65a7835ad92cbfae42f6fe40f38cd656115a0e1fb5f,Male,45-54,"$153,000 - $250,000",Divorced,Accountant
fe2b67292d9d87f0a6819d148b34fb38972457f8c540acaa4e540d0b418b418d,Male,25-34,"$94,001–$153,000",Married,Data Scientist
204b03b1a81f7a8709658f5d68d3f3c456d5e3c551518e4495c2a7bae3f04134,Unknown,25-34,"> $250,000",Divorced,Lawyer
a98df0b78d50695ce26db8df21a4a234a37000893a0b646ab90e682128796b8e,Male,45-54,"$94,001–$153,000",Married,Marketing Analyst
405b5fbfe08b2c9dc9ac92e3dea151aa66042623a53bec2750a5528302bba030,Female,18-24,"< $30,000",Single,Teacher/Educator
a75de354c3460784ddae98e4c4d6b40e1f67023b79a8c1a36c5a268edc780b3b,Unknown,65+,"> $250,000",Single,Teacher/Educator
44ada2e978db2d5cb7ccd4b17b5263ee74d25ef330056767830e55f18c89fade,Male,35-44,"$30,001–$58,020",Divorced,Teacher/Educator
e9a1082b278661ebb7b2e4acb4868b8edc995bfccc67e28ebd220aa645c5a12b,Female,35-44,"< $30,000",Married,Lawyer
f88dd488157e77dbaedd6ae7f5d4c3cbd3acb1320bcf63d29509378caf1861bb,Male,35-44,"$30,001–$58,020",Unknown,Marketing Analyst
bcc49fc6871b5f683528de9e38886abeedc59e5477964dd65aa6b90b76006d6c,Male,25-34,"$94,001–$153,000",Single,Doctor
735c8e7a6cec7e37e40952772dbc92be1e943869979210fd831d4d05f35b4702,Unknown,65+,"$94,001–$153,000",Single,Civil Engineer
0fde582bc53ca73678f723923d5dacd5985fb736edb9ac9f97405131fdd5dc29,Male,55-64,"> $250,000",Divorced,Sales Executive
bacfa663b3f4f446102fb8d50c767b7e1a2d7d104ffd838e5b36dd57b88debcf,Unknown,45-54,"$94,001–$153,000",Unknown,Data Scientist
d9deeef06a1f585b028abce8f4ab4a9756e60634a62a37778f642bdc03e013f2,Female,18-24,"$30,001–$58,020",Unknown,Sales Executive
23c80eebf7ab4353383c35b0bb43e4c6c7503e3d289b23132f1819adba58c7ef,Female,55-64,"$153,000 - $250,000",Unknown,Data Scientist
02a1ec9511eb858d1d4ab0538d42889a7c7ba73f53fd200feed699a35bf8dc27,Male,35-44,"$58,021–$94,000",Divorced,Sales Executive
98385a5988ebc6392430e4aa5a79e5e3b34b1ef090f888b3928a61ff895994c0,Female,45-54,"$58,021–$94,000",Unknown,Accountant
e14eb69e318372847e43f13ac1e88fa6c67f5a0c6ba8e3e50ee0bcd8a566e14d,Male,25-34,"$30,001–$58,020",Single,Teacher/Educator
959618d94cda2391d746463390107873de891d0999e2ba155a407b1b56498fa4,Unknown,45-54,"< $30,000",Unknown,Civil Engineer
865c4dd20427a134c6a6637f1d2c905077b7d7380cd8e029c4a358e222f91b43,Male,25-34,"$30,001–$58,020",Unknown,Sales Executive
939245cca5eea415f7b50d4b2a0e142e9a4df79267285ae82be83ca9daf1a224,Female,18-24,"> $250,000",Divorced,Marketing Analyst
bf1b2d0691838d481344dc1bea72a5f56aae3464f615bf5546e2a70cf3962453,Male,45-54,"$153,000 - $250,000",Divorced,Software Developer/Engineer
661a31ab588f3bfa4ed3b05fdfddfcfbaaba82762db45f06f68f8ad74a50cfd7,Female,45-54,"$94,001–$153,000",Divorced,Accountant
9c9459eda497abc0ce0da2e89c54b6576b2acfc79615c843ba10a0b0d92e04f8,Female,45-54,"< $30,000",Divorced,Doctor
262a7e146f2a8cab1b253668024f3cde582a0b3017ec32975c7002dd68c14df4,Female,45-54,"< $30,000",Single,Nurse
d30becc7e0432186107c61522ac921598cfd61407a4dd22a2961e78a46d13646,Male,18-24,"> $250,000",Unknown,Accountant
94ca6f6ca2c81dd7c9b5eb8ced77fb1f20a498fc18e944d8c7861481da783577,Unknown,35-44,"$153,000 - $250,000",Married,Doctor
8b3de1e8e31c1ddbea19c292bf7b50f7445856a454b0e3c35722236229581655,Male,25-34,"$58,021–$94,000",Unknown,Nurse
53fc82ba2d40bf77d091b562c2a2b614db19969eb8cdea2b21139805bf45144f,Female,65+,"< $30,000",Unknown,Accountant
99239bb99c6ad452e515d0d860ce76446c10ebcafe9bfb64c5ec1bab1bdad0ad,Male,18-24,"$30,001–$58,020",Single,Civil Engineer
b91a11b9bdf90d9296d8e42c2e08b3fedc121639d61d0fc5c2c0aa71a36ce260,Unknown,18-24,"$58,021–$94,000",Divorced,Civil Engineer
17e0a4a275d0f232b90c88ae2e3b0d15b9d2717151e7a6f8d70fb081154cdf47,Female,65+,"$153,000 - $250,000",Divorced,Civil Engineer
845a7232c51a0e98d490744a80efcd990c285457740cdd3d1e3955f395336c63,Female,45-54,"$30,001–$58,020",Unknown,Software Developer/Engineer
2b081597ef1c68d2bc410cfc77a728f8935e8173c2466ead40dbdab31aae2f0a,Female,18-24,"< $30,000",Unknown,Civil Engineer
a71b1f454741a9ce0da0a80c234c4bd21e321679054c48ee43d130b35d6dba74,Unknown,18-24,"$30,001–$58,020",Single,Sales Executive
d5fda9920aa4046b21a052e379b3e46df3c852efb712d64aacdac31175dbab88,Male,18-24,"$30,001–$58,020",Married,Data Scientist
1cb85e76077f59e36d1550fb91df8a443bcdd0df698e4c756b6e9d145271ddbd,Female,35-44,"$58,021–$94,000",Married,Civil Engineer
9617ff4059359874c3f321afcba38d022ae820a22cd9b47eace043c29558be5b,Male,35-44,"$30,001–$58,020",Divorced,Civil Engineer
c5d493650b596dd408ce111730ddb94eefb0cfc6e10afdc71cf8b7868fb6761e,Male,55-64,"$94,001–$153,000",Single,Nurse
6baa89e453d5e670dfb80902f69a76284549433e6810a4c29da6a5618fa3f8d9,Male,25-34,"$94,001–$153,000",Unknown,Software Developer/Engineer
7681f459579ea263abc9a5dd5d0b78307acefa495214374aaf06f3e37d8f98d6,Unknown,55-64,"$58,021–$94,000",Unknown,Accountant
f06a588de3c67c5ca8a24a75a5b4b9236846f399a12045a544d5eb78b7a84e58,Male,65+,"$30,001–$58,020",Unknown,Lawyer
503d5de1f9189e96d7488587c51f14d2c28d97830d15767037707a6c7a7c8d77,Female,35-44,"$153,000 - $250,000",Divorced,Data Scientist
6dcb29c11c37f221af498c3be2d8d290ed0124422245bdffc18ad17803e1846d,Female,35-44,"$94,001–$153,000",Married,Doctor
25a1a9a7bbc8c82eff01632e12aef3270c3e90eb8bc919df922b38631f45d39a,Unknown,55-64,"$30,001–$58,020",Single,Lawyer
5b52a04e68d246df321c28076bf82f5fcd4f3d0be39554d75b8374967cef81de,Female,18-24,"$58,021–$94,000",Divorced,Civil Engineer
d2075dd637e6da9c6a600ef569f412994276a519d239dc47d90eb5aaae6276b0,Male,25-34,"$153,000 - $250,000",Divorced,Data Scientist
d762c5b1495121f553be5e7bb31a9e3f4c953dd42987d04f44873a65fe9e6145,Male,18-24,"$30,001–$58,020",Single,Teacher/Educator
3ca81bb471cb114fb1e80abb10aa86667b3a12c773a32a6d088400bb7badb8f7,Male,55-64,"< $30,000",Married,Civil Engineer
d3482a7da1edfb214647a2749a780cf20dadb80432feebd3fc5f4178fdb42afd,Female,65+,"< $30,000",Divorced,Software Developer/Engineer
b124a9f4595f29e817e259287c6ee21126702dedd0306d312f5c8629654d1fa6,Male,55-64,"$94,001–$153,000",Divorced,Doctor
725e2118df0aee2e4680ece7a18679ca262d0c948c362d8e5f745b9435c8f281,Female,25-34,"$58,021–$94,000",Single,Sales Executive
6851fd532595390270e813acc5353261c9405408202949dcda33317231869478,Female,65+,"$153,000 - $250,000",Unknown,Civil Engineer
65102692701842151163ca717a634ecd700cc8d6a38c8c85139c408139e3e476,Male,35-44,"$153,000 - $250,000",Unknown,Teacher/Educator
62600729554f1be9a75bdcd57f406317eb1122407682265bc667a04221d65cc2,Unknown,18-24,"$58,021–$94,000",Unknown,Teacher/Educator
fe57fccdc5bbe5b2d1e6ab875bcff8cbf2b14349c97f2a92a5c43de78d034f53,Unknown,35-44,"< $30,000",Unknown,Civil Engineer
c2cb0d83c2fdccc2c064ef683fb071fb9edf60696544a4e840b50a34bbc58c68,Female,55-64,"< $30,000",Unknown,Civil Engineer
ff150d58e394bcbd31ed2ddabbc535ee459715d8ff13693b554ccaa097332255,Male,55-64,"$153,000 - $250,000",Divorced,Accountant
8a00ecc360c6eedac3793d36fce358276b71d4769a682c9dfa644a40016e9430,Unknown,65+,"$30,001–$58,020",Divorced,Doctor
ae255924e303a0c46b0fc8306da2f62454a8ce758c3302efa338781cdd4419cb,Unknown,18-24,"$94,001–$153,000",Married,Teacher/Educator
bb87e8c9b8c178c38a6e4afff58f58e14b23fbe69e186cbf7395a5ab5b12df93,Female,55-64,"$30,001–$58,020",Single,Marketing Analyst
f0cb08a81046500bc5401259f02db12eec489e3b57bcf2ce25989e2d395220fe,Unknown,25-34,"$30,001–$58,020",Single,Accountant
6dc3869aee830f2fd1441edcac47c65f9725b8d403377fbd25e246eb27102c6b,Female,55-64,"$153,000 - $250,000",Divorced,Marketing Analyst
0f4bcfafecfa207cc889c63ad994609a2524ab4267cf7434a0a8294ddc36aec5,Female,35-44,"$94,001–$153,000",Unknown,Doctor
8874332fe49daedecd4055c514b5bb73308156b235747879c91500719cae05ce,Unknown,18-24,"$30,001–$58,020",Divorced,Teacher/Educator
f17b90243949aeefdc9b84831642163cc52038ccc3ff53c40ec65241e8123a22,Male,55-64,"$94,001–$153,000",Divorced,Nurse
38a7d0eb872333e90a1e1dfaf8c740061288413c93fa8a5c6b384563c31f1023,Male,18-24,"$58,021–$94,000",Married,Accountant
e5ccbcb62f8f219b15a6806bc5ce71837ca0aa452917a887988a7818cadd7da8,Female,18-24,"$94,001–$153,000",Divorced,Teacher/Educator
4c9e30a280972441dda9be40bc4a33d651d50007f4bbb8a502c89f1a8acdc37a,Male,45-54,"$153,000 - $250,000",Single,Lawyer
87431801d6840de795df1fc9a2ba5ded6aa2a85b14a071dd5ef8e6d2d9fce41e,Female,35-44,"$153,000 - $250,000",Married,Nurse
f8511c0481512518132f48d0f383e03f71cbac4be5c614f906a9fe4280f74a86,Male,35-44,"$58,021–$94,000",Divorced,Accountant
cce8cf54902832e18fefaae819b723da892b6b15ef01f94a3a9fb530dfc9d6d4,Female,45-54,"> $250,000",Divorced,Teacher/Educator
b41d663b21cc922098cf3ab699eb936923a5bbc7ba79720a3858b745c6d6becc,Unknown,45-54,"< $30,000",Divorced,Lawyer
d41e1456fdaa3932286133f3480030ec1e7826940958a95db8bc65d42b41a447,Unknown,45-54,"$58,021–$94,000",Single,Lawyer
4ec156647f6cb9bd3e57462a8491317eeab8ecb31adfeacdd9e970e4cbe25116,Unknown,35-44,"> $250,000",Married,Doctor
caebbad9497beabff4192343e218b15db8ad287f4ff51322b9d04e17c9c84e1d,Female,25-34,"$153,000 - $250,000",Unknown,Software Developer/Engineer
d5963772010ba20eebfa1a0d617ea38da93d26803c5aaf303db3e5eaca2594c2,Unknown,18-24,"$153,000 - $250,000",Married,Software Developer/Engineer
fc1cfd8063c7a1a27d61f65981adb62dcae71826b1f2e68dc4bbcc1d21a90a0b,Male,35-44,"$153,000 - $250,000",Single,Marketing Analyst
dc70cb81eca9acaf391b4ef2a1e8d060b9d1aaa6a79b4f267caade6c4440132d,Male,55-64,"< $30,000",Single,Teacher/Educator
36503f1da7e7cf6dae0548f816e52e00435f56a70b108bb34783e6a48ab04a0d,Female,55-64,"$94,001–$153,000",Married,Sales Executive
7581612a3c9246148fcc2513ad11bfc6439bc08f136c5bdd591c4379b038cc78,Female,55-64,"$58,021–$94,000",Married,Doctor
041e44543f8e9f4cf46343f75567fbc1e4767c263db3f6a35e5383c725dfe203,Female,25-34,"$58,021–$94,000",Single,Marketing Analyst
b3d40ccefb5f1dcd800dd1c640f8be147b62b095b89f01d977e0c57d78d7cdb8,Female,55-64,"< $30,000",Unknown,Marketing Analyst
cc73df439f9a5beb66e053760b8c7a41821b8c888ba28f323ecbd39d97f91097,Female,25-34,"$94,001–$153,000",Married,Software Developer/Engineer
f14773da9592f831b259c2401dc5dea5b039a618b5ffa4bd4387b89a4037235f,Female,45-54,"< $30,000",Single,Doctor
ed67401678e467dbd4f74ca7069b8be1b198683175aeb63778231f7ebedcabd4,Female,25-34,"> $250,000",Divorced,Accountant
ad00e302220d364b4d3787d33d7d3fef21df5eacd59f1bd31691b31adbfa9080,Unknown,35-44,"< $30,000",Single,Teacher/Educator
48b47bb294e226debecef8ca1ceffe0f38ccf10e7344600353d7c386acbfdb31,Unknown,65+,"$94,001–$153,000",Unknown,Marketing Analyst
b1e8ceddc64f80c4bba73e0894199ec22074e4362f6d25c0263b955913b0ee84,Male,65+,"$153,000 - $250,000",Married,Sales Executive
61558c76da11a9b954e776cf05355cb9b54ac84c51a9aa12402206046b761b3b,Female,65+,"< $30,000",Married,Nurse
50c626e6b9fe2c30f9004eb35047a25e8214563bc66f674c0ca21930a84fbe70,Unknown,18-24,"< $30,000",Unknown,Doctor
daeb37821bf458a569d861bd58a7d599e8333b51596468423904acf0957b87f8,Male,65+,"$153,000 - $250,000",Unknown,Software Developer/Engineer
7d1b94b1912ee435f8f78950c64377ed6d203d78ab484e02d38df615c49e7545,Unknown,45-54,"$30,001–$58,020",Divorced,Doctor
ec39380e95f526300314f8470fdc8287f84a656ea8b20a22edb45cde97b35bf0,Female,65+,"> $250,000",Divorced,Nurse
32c6f821c04ebdec8698482658b4a17fd928ea9081e5b8ad3f88ce669c9c472f,Female,18-24,"> $250,000",Married,Software Developer/Engineer
011b4ba0a57da02a7674b0c07bd266fcaff86b244f6531bc259e05952b3ed62d,Male,45-54,"$153,000 - $250,000",Married,Data Scientist
e98204cf37fdd1d775d69f339b59529b86d48635c2a4bd874f08d9a981b13a01,Female,35-44,"$153,000 - $250,000",Single,Marketing Analyst
21e17e521d41f60e6b86dc419347365713a69793148447e855ca4d99ad33b301,Female,35-44,"$30,001–$58,020",Married,Civil Engineer
82f8c918a182e766196ab61cdd81f2cec962088e6cf3523223faaf89d64b6754,Unknown,55-64,"$153,000 - $250,000",Divorced,Data Scientist
3439dc48f0d99f6dd7590f0f0b4a46df275bb525bbd902cb2814cb07ba2a8222,Male,35-44,"$58,021–$94,000",Single,Nurse
d07adb4f523c210843966130ea312e5267b61a725d98464e6887641d6e57c541,Female,65+,"$94,001–$153,000",Single,Teacher/Educator
3fea826e3b1a902545c44514ec5dc7dd72571228d9883c5e1a059845ea5fb8a9,Female,25-34,"> $250,000",Married,Marketing Analyst
702095b181beeecc833af3224745db4d2c44e95715288f95df9a5db51d6f2d4c,Unknown,35-44,"$58,021–$94,000",Divorced,Lawyer
a8d6e23c5402b72cb40cae1362a4d377bafacdef28b5278840af07f0b3c84c60,Male,45-54,"$153,000 - $250,000",Divorced,Lawyer
a25b02935f69d07e4edb7f09a782b8a976d7ca93f6a3b68c43239be3cdfb7f52,Male,55-64,"> $250,000",Married,Civil Engineer
6e01c56f45ca14d97a4085ab7a80771b769846bc2c6d4329bfcb749acd630f76,Unknown,55-64,"> $250,000",Unknown,Software Developer/Engineer
881dbf50c5733658daf4f0514fcf2764102d1c85c2a00d7b3ef280ec6cc7f38d,Female,25-34,"$58,021–$94,000",Single,Lawyer
95e9c522a3e75e367866fe1b212a6e330efdf7fdbbb9fdbc78f7212a12e32e4b,Female,35-44,"$30,001–$58,020",Married,Teacher/Educator
06de3db80431aa2ecc431b2f2a34099c67acf55e10af4f91c0bed22141df6f4d,Unknown,65+,"$153,000 - $250,000",Married,Software Developer/Engineer
1682fe552aa1ff51cad2e11f1b4e815debb7846254715780c1d4a03e6e069f1d,Female,25-34,"$153,000 - $250,000",Unknown,Accountant
5cb69fbe257e7b6abeea711bbefe764324ed147800204dcf4f5acf4d07b89e09,Male,35-44,"$153,000 - $250,000",Divorced,Lawyer
56019d7b0554ab94ef3c5ed1ae03aaa4b5ac24e5bb972829989473976a6006ac,Male,55-64,"$58,021–$94,000",Single,Software Developer/Engineer
143be21a27c7b2b025396b8f9b553870dacf32e19ea95bde2e1c26a95a937f5b,Unknown,55-64,"$30,001–$58,020",Married,Accountant
033235837e59308efb58d0d2d7778d661f106b131cf398fbbf03cf1a3c98a090,Male,25-34,"$58,021–$94,000",Single,Teacher/Educator
c3984d5374f9a072d26ef2eb47ea628f135577f9ab95050ffd35d841fff544c7,Female,45-54,"$94,001–$153,000",Unknown,Lawyer
61d28b7a403aed27d57a59cf2c26efc59f6809e508440d83452c2ca820bf35bd,Male,55-64,"< $30,000",Single,Sales Executive
73f522b3722f0ecce446d17f7549d9146e9091c5b9f78c34341164a65a3b0bbc,Male,35-44,"< $30,000",Divorced,Accountant
92d4a26658be4975a535758b0431dc2c5ee91586a5fe4d46d2b5bf71f5cdcb86,Female,45-54,"$94,001–$153,000",Married,Data Scientist
c18d8c8a2c90c2c221afce0e6f83966cb38825b8b6bf65320d421b6f37005e32,Female,55-64,"< $30,000",Divorced,Teacher/Educator
df06e64daf27689c687991512890ebed1078a1261bd2794d87005e0d9bbcb5eb,Female,45-54,"> $250,000",Unknown,Civil Engineer
4235d838489ff70c73ec4dbd256f101a79f7aac28c4874dce4317c371c507052,Male,18-24,"$153,000 - $250,000",Divorced,Data Scientist
f7df5a22d28102fe660036de3f36368665e5546e563b02f8b22add0ea17a39a0,Male,25-34,"$153,000 - $250,000",Married,Nurse
0d8e0a7c9ac0c5ec7ad506a149d0f430e86cec8349b86cf7d6ef5e6487a4c478,Male,35-44,"< $30,000",Unknown,Sales Executive
8faf62371935091637d208ffe21098dc236c10f84022ed7e3eea1a73fc4f350d,Female,25-34,"> $250,000",Single,Software Developer/Engineer
8b52f5c85dabc68cd014d091f5f3be0507a91fd928057670ddd01cccf8ebb07f,Male,65+,"$30,001–$58,020",Unknown,Marketing Analyst
d0cf44a687fee21c1070332b5388a874c974129d15f69828c08b3d9db6be333e,Female,65+,"$58,021–$94,000",Divorced,Marketing Analyst
3e762677cc1d008d1943b2d1b7fd3e04fd81baebfdd937b3af087147b2e018d0,Female,65+,"> $250,000",Unknown,Civil Engineer
6a80f01576936010ff6b2aaab8d57d8dc51b525030f1af939e6e78b53f10e74f,Female,65+,"$58,021–$94,000",Unknown,Accountant
771b17f2323015da7222b255fd69c2f5d954840c9529af014fd9188f1164b5fa,Female,25-34,"$58,021–$94,000",Unknown,Accountant
381417d51a9b5745a16627956fe4b9039f371d3455ec7b9583c5f9053257c7b3,Female,25-34,"$153,000 - $250,000",Unknown,Data Scientist
4f8f7fd1d3aead0a453c6f8c83c65475353f55d3e98392bbada4379671ad3ebc,Female,55-64,"$153,000 - $250,000",Single,Sales Executive
abded79bc25b67d13edb235f1109fbb8590d6c57daf725cdeb559a68e86e1810,Unknown,18-24,"< $30,000",Married,Data Scientist
21b66e40076da79eccc1258b89c550493f21291a84d2ba792aa8b38e9dd6e608,Unknown,35-44,"$94,001–$153,000",Divorced,Marketing Analyst
cdce7a2f59efad5cfaa5d518889fdf2c5cc2d1abfd7f34afa433a80b66ad0764,Unknown,18-24,"> $250,000",Divorced,Lawyer
f32db31297a6bd99993a80d17fc7130a258276ed98c58e983ec6fb34618dc1a2,Unknown,25-34,"> $250,000",Unknown,Accountant
d0867e97b4cc743875b5b90e574128c0fb6c1845ffe4e6ca1e3da3a6a47ab5af,Male,65+,"$94,001–$153,000",Divorced,Civil Engineer
a9799b0e749ae02dafa84c87ecf6a0011b2117a6e9b6b5917500b68b6c6c0c79,Female,45-54,"< $30,000",Married,Teacher/Educator
f739a1248fd1a8c49c729c9d515c3bac58d2de8a3a1dfd610d91c1bf964ed94c,Unknown,65+,"$30,001–$58,020",Married,Software Developer/Engineer
24d14d748867deb46661e627ec908028c6c2c38f76439e0d36faec95f1701b41,Male,25-34,"< $30,000",Unknown,Sales Executive
56fec9149b645e0ba312e85c94349f0bb4fedcf246d1f3716f8aa7b665ff550f,Unknown,45-54,"$30,001–$58,020",Unknown,Marketing Analyst
f3eee67de6922f77c271c38483152526e36ac73d70c6322f5ac2fccf349c83d4,Unknown,45-54,"$58,021–$94,000",Single,Teacher/Educator
620bc7c1d5f98b4b554ff9f1db2d0d7866218305ca29bab7d26af3f08c7fb4ae,Unknown,45-54,"$153,000 - $250,000",Unknown,Accountant
63cf96250732b6d214b2c45540b5dfd768e1c6aa0c367629d9dedd2f5efd872f,Female,35-44,"< $30,000",Single,Doctor
4152c73df50175d153d4cc1c906f859132c3080f84c39bc2d462ad5d2ea63ec4,Male,45-54,"> $250,000",Unknown,Sales Executive
6610c321c72c7755cf331d03169cc375ad6815f15f7e282c743742a21609ce60,Unknown,35-44,"$153,000 - $250,000",Unknown,Marketing Analyst
c1edf633a4fbfb455a3af841afe9cce2243fe4e153858ca20f37409ba64db743,Male,18-24,"$58,021–$94,000",Divorced,Civil Engineer
6cb10c9720a55715e4d8374f8c50a72f5cca89f2554fbc53d1a4033600279b05,Female,65+,"$58,021–$94,000",Unknown,Doctor
7530ceac84ae8df96ac55de9565973b3df8dec26be53a1035d1c1c206c6bb0ca,Unknown,18-24,"$94,001–$153,000",Divorced,Data Scientist
cd0be6d3dbbc15259dedce85ba5d881d04068e5a68297a37bef45069953bc483,Unknown,18-24,"$94,001–$153,000",Unknown,Marketing Analyst
d93b0d59fbf1637e4f56b551356a324d6e1ddd57500145fc94ebd99780b77003,Female,25-34,"< $30,000",Single,Software Developer/Engineer
cd3b0342a92fd1e60ccf573e5b7bf999cb6e4533b8253f6fc2333b8890e2ee8d,Female,25-34,"$30,001–$58,020",Divorced,Lawyer
0b269f3e117592ee1ca98580947ee188bf30fedb4c07df3d3088417b3d863462,Unknown,45-54,"> $250,000",Married,Data Scientist
87966b66840b2a7b70dd2cbb9326c58442f1c3faa6f6160b11de221a9f844322,Female,25-34,"$30,001–$58,020",Unknown,Teacher/Educator
5f8bf7923a0f8f668f48f874f5c7a8f87dc51df8aff749bbf0a040879cbdf1fd,Unknown,35-44,"< $30,000",Single,Marketing Analyst
3347dcdb917494ca68dabd8e0894f4ee176e30036a23f5c5802af01855fddbe6,Unknown,25-34,"$153,000 - $250,000",Divorced,Accountant
11d61754e2366329430c5c989da36f82fa78d80c847c44b1ad317f454f43d372,Male,65+,"$153,000 - $250,000",Married,Doctor
83f765d30afdb0f8217ea90a07fea856304cf55d1b2660ed7e064e42dfdecd44,Male,65+,"> $250,000",Divorced,Teacher/Educator
c35eca3d4ca43406ba9a0f4dfa8375f7ee50ed4df96cf273d61573b34d45024b,Female,65+,"$58,021–$94,000",Married,Sales Executive
0155339713b484e4bf8421a2446d9d6a8862b4cde5ebbf7def6b9069066b6997,Female,35-44,"> $250,000",Divorced,Lawyer
9e03202bff7d7d289f293fddd7c246383e62a88624e5b84d27528c79475c41de,Unknown,55-64,"$94,001–$153,000",Married,Teacher/Educator
270ac332ce73b62cd82d10f5dcb386fdc36060e20bc0077cee3ffb64c535bf16,Female,25-34,"< $30,000",Divorced,Doctor
32cc20381e28ecb8caacc94a9bdb6c764697c457e44b0a9a03479702ac6755ad,Male,25-34,"$94,001–$153,000",Single,Civil Engineer
f62979d974c0cae032c7f9e3ada9d3b5cd47ef477fc42b5d532ca1b4741b375e,Male,25-34,"< $30,000",Unknown,Accountant
61aa0638dcd15ccef3385bc1bb11d55baec3ef5401806058632390e48cea0ba2,Male,55-64,"$58,021–$94,000",Divorced,Teacher/Educator
7644d2488dd87075cc61a53894e5a26261bd170e052d444b76b3e4a3a0f8bb2a,Male,65+,"$94,001–$153,000",Divorced,Lawyer
5fa7f1a40f841320d0fca3e0765663bc59b7f55937e79fd58913c6d1c4288f15,Unknown,18-24,"$94,001–$153,000",Single,Sales Executive
f66bc90d8bcab499793cdc743f53c1ae2080273ba4e48f054be85ab8b5ebadab,Male,25-34,"< $30,000",Unknown,Doctor
ea11603ddf4276818e2059667aeb7c3b4bda21828c267e065a0a815fc0254367,Female,25-34,"$30,001–$58,020",Unknown,Nurse
955a9da147022603b5a19afaf4ceb6a9208926391bd017efca4d6ebe299ed9c7,Male,55-64,"$58,021–$94,000",Unknown,Marketing Analyst
59cc8465f9a79a17b448bf33eecf1ee9c4d922bbf819f63af2055a7b3ed08196,Male,45-54,"$30,001–$58,020",Divorced,Accountant
508a8aa7346a3d9740e0d2a1e9cb206523121ca3bcb5e90c19658d5763b6b0f0,Male,65+,"$153,000 - $250,000",Unknown,Civil Engineer
de15ccfbc230abe898da48820d3fbb35324d8b56df352659fa963a5db1dc3a93,Female,25-34,"$153,000 - $250,000",Married,Sales Executive
78f51fade82f222c8e674414b1b6f500e692a408754d33cd088950ee188b105d,Unknown,18-24,"$153,000 - $250,000",Divorced,Nurse
f0da64ddd65c4c7e8795e9605fc37f3e71c11c0a4071d245d61c96b6381005f3,Female,45-54,"< $30,000",Divorced,Nurse
511cc0c585d36b78a53891f1af978362e2b93939404e85ecafae06b2a11d5c39,Female,65+,"$58,021–$94,000",Unknown,Lawyer
1241cac6d04c0445ec335ab4ab55dbd7c125c8458b7aab80b3f7490428cfcc4e,Male,25-34,"$153,000 - $250,000",Divorced,Nurse
3fe2ecabf64bbc505628b6512b0f0592c874cf15d52f02e3204b7d9468b83e2e,Unknown,18-24,"$94,001–$153,000",Divorced,Marketing Analyst
68484e2f993c77776c856c99870f9bab9ccbe7f11ba690bce6239ee9b469dae8,Male,18-24,"$153,000 - $250,000",Married,Teacher/Educator
2cbcd54278037697448edab29b5da457c36112f6fe8edd0dda625ae17fbd47aa,Female,18-24,"$58,021–$94,000",Unknown,Data Scientist
f89bcc0001daecf7471520c030539807891a50c517bbb3902423f4948873041d,Male,45-54,"> $250,000",Unknown,Lawyer
82c374ec1bdc102746ef56a60f5ea8bd8847ef5494f7f1ff67bcf53324e03ec7,Male,35-44,"$153,000 - $250,000",Unknown,Software Developer/Engineer
24731776c167eec5ed8fcae84f36dae23dffad86991df4d3fc6127c02574c799,Female,45-54,"$58,021–$94,000",Divorced,Data Scientist
89e47aa2b70b90ec9b8a2107d8971ce43192706a562cecc3323d323cc3855743,Female,18-24,"$94,001–$153,000",Unknown,Doctor
a44141aa798da05f64be15eaa25061d6d0ede341858e7f07e12601f371e7b26b,Female,65+,"$94,001–$153,000",Single,Sales Executive
6c448e90ded1d830cc446d7cd2652d11881379725ae61024a3a455eca1a7e8a5,Female,65+,"$153,000 - $250,000",Married,Accountant
27e10411daa350ccaf90689e44d286d7741b6560d1b258a6f8e61783e17790b9,Unknown,45-54,"$58,021–$94,000",Unknown,Data Scientist
58b8cc74a736c41d08b4088c45614f0046b0707f6779faf4beca90e9ae147fdb,Unknown,35-44,"$94,001–$153,000",Divorced,Accountant
6df5a23590a2170b9578b0a6e3e992d52272bd79ec679e406a3cebad1c5501ec,Unknown,45-54,"< $30,000",Unknown,Nurse
899565d866beb245f1b9e04e278bfbfd79c668de94573ee8859368faff239b4f,Unknown,25-34,"$58,021–$94,000",Married,Software Developer/Engineer
d2fcefe0b6eb9dfa4ded4ec642585aaab45085296919b4e34059341ba19e6768,Male,18-24,"$30,001–$58,020",Divorced,Data Scientist
e72a6f98039e5667cde0fcbd637872da1bd1a4ce1cd5d3404fbfc76c228fcd49,Unknown,35-44,"> $250,000",Divorced,Lawyer
50ac23ea98f8d66645194e5279952dc22b4ac601aa5ed98e7a62c24ece0dd5fa,Female,35-44,"< $30,000",Married,Accountant
3c38182cc6dc3f6196962b2dfbb9d8d4be5ede12db2d843c37da05546e9a615c,Unknown,18-24,"$30,001–$58,020",Married,Civil Engineer
e384bfee5114270e6d234fcc5f911e9ec1bcb37092908a61e79f33b1503217f3,Male,25-34,"< $30,000",Unknown,Software Developer/Engineer
540427c2cb9698f41374e94c14e966ea6a37b1ba8bdeccc127ececd20d245272,Female,55-64,"$58,021–$94,000",Single,Accountant
bc9549489e9fde5d67fca1fa3bd0697da1d2912d6fcb8183c2443a047be1983a,Unknown,25-34,"$94,001–$153,000",Single,Nurse
cd2010e33269b6cf9e75e07f7149e3d1103fe746e6fb4d9930924961152c8cb7,Unknown,45-54,"$58,021–$94,000",Single,Software Developer/Engineer
d583a7fb286f8e99f5c29e816a06c45d94b133001f3d377b0a91d4e259ef25eb,Unknown,35-44,"< $30,000",Divorced,Nurse
c9290217674d98e59d27151366dcde9b6e256608b325e0a972bd71999f849f69,Unknown,55-64,"> $250,000",Single,Civil Engineer
68795b56a16496b9fe3320c9ca2b29c0a6a59461c79d067218795aa0fc706cdc,Female,25-34,"$30,001–$58,020",Divorced,Data Scientist
8dc6cea6cdc0a1914ba2e37f824507ba0e49740b3d4dfc1776c72c43c642504c,Male,65+,"$94,001–$153,000",Divorced,Civil Engineer
c70d874cd861363b734e31fcb2a86abf24352005841ad7a5a05120899299b300,Female,25-34,"$58,021–$94,000",Single,Lawyer
a8cb4fb377afd4b20a2982690176280b4ca3978fd69d81cc5f0d4f9995f36f8c,Female,25-34,"< $30,000",Divorced,Data Scientist
26dc14dc3561bef7dc23ed1a1e01c32d17e42743323377cbc7edd8d74a6e8efe,Unknown,65+,"$153,000 - $250,000",Single,Software Developer/Engineer
3832f1ed384426c6a5df788b9ca74acead717f344207b2d443f0fd37471f1b15,Female,65+,"< $30,000",Single,Nurse
922a85055b576519cfeb92199cc3f14f8d67299c90391796089c890a66587c5f,Female,25-34,"> $250,000",Married,Teacher/Educator
c72c4b39d6df37e4b156c4f38a46d1d3da246c10748197e6ce5e3219a25fc26d,Female,35-44,"$94,001–$153,000",Married,Civil Engineer
fcddf5a183593267e504ff304a7438d2e8e6b0e7ab6da6ff8543b7eef5c72971,Male,25-34,"$153,000 - $250,000",Unknown,Accountant
abc22f67256479a587af30615eb345ee15f93c74751b09102ec150204d5e1a35,Male,45-54,"< $30,000",Unknown,Marketing Analyst
aa8b74b23a80a8e8acbd2f792512f98149b9a171d3663c281293f9cb4cecc9c9,Male,35-44,"> $250,000",Divorced,Civil Engineer
c465b8b57a90fc9137e6a585b9f0a7c430f758eb5e09c45e25387f95f9dcde75,Male,35-44,"$94,001–$153,000",Unknown,Marketing Analyst
15ee1716e18fa82757cc0d6b046feebde371702d57dc649ea715717e56bb2566,Unknown,55-64,"< $30,000",Married,Data Scientist
796d8b777fab9bfe157fcc5ad8bdb7c99f3fc94c317d9ea2bee34eab6a184a08,Female,55-64,"$94,001–$153,000",Unknown,Accountant
1316f05332ba5c8cf64ae225df4be985b5f0a22b360597600e9cacfb9dec3603,Male,55-64,"$58,021–$94,000",Divorced,Sales Executive
1ef9a97593f0548c258bf5ce5626cc7320843a908d5a9f0b81da1edc619e1dc2,Female,45-54,"$94,001–$153,000",Unknown,Marketing Analyst
3b1e1dd3379b88c9c5ef60b6e102e4f78376774064fb9e4571a410f803c79087,Unknown,45-54,"< $30,000",Married,Marketing Analyst
594ed1d4b9eaae1989209b527be09c9324a840157fe4ad4e83e39a3c0df80d72,Unknown,25-34,"< $30,000",Unknown,Marketing Analyst
94574bd6e6bedd1f99e7b60a2561ccf82d4710b5fa29e6ffcd47bf2984770a48,Unknown,18-24,"$94,001–$153,000",Single,Software Developer/Engineer
d5154ddcf314714713b169293353d6ff732fd00f9e65e84591d2b2aca0e7ceee,Male,25-34,"< $30,000",Unknown,Teacher/Educator
7f785b9d6e8db858923677d41a79eb62516530eb15ccfe70d635f69bde7790a1,Unknown,55-64,"$58,021–$94,000",Unknown,Civil Engineer
aec0c06cae82f4bf9bfc98a177fafcd1325afd74800c0a6ce82280b132b5beab,Female,55-64,"$153,000 - $250,000",Divorced,Data Scientist
ae7399a859cec994829873116c0d0d209a5d2e38944c39f8f4f2cc6db62570a1,Unknown,45-54,"$94,001–$153,000",Single,Sales Executive
fc63dbf8338413f8e90968b4d2eaf73d289ba78c0bc3a906c900253a8765cdc1,Male,45-54,"< $30,000",Divorced,Sales Executive
674572c0c659b5db8fcab0fd8aea39b5f43445da404d8987ad4b45cbd7c0bdf1,Unknown,35-44,"$58,021–$94,000",Unknown,Software Developer/Engineer
7b572bfb4ada98db601429c8540bd71aa55ec5bec1510567f6019b62b06e2eef,Male,45-54,"> $250,000",Single,Doctor
40d714c2706b78f1bcbcd88c6c0ef70cf5b6bad4ae295a573c7c03867c817d59,Female,35-44,"> $250,000",Married,Sales Executive
25e3229a0ccb09fb3528cc0d753f23fed3fa51c4bb4a206c52adb9ae8fac0a7a,Female,35-44,"< $30,000",Married,Sales Executive
45ab5c97da0ead1d4c6a418a306531467861afa912fc7c1eb2b23dfb4cf280ee,Female,45-54,"< $30,000",Married,Lawyer
eb21e862c76f4f7157deac1d8a2a218a8240a0cf65fd64fa8aee0285e14ef049,Male,18-24,"$58,021–$94,000",Divorced,Software Developer/Engineer
0a4a0297b49798afd9e2359b249f2d952cf46d8cc8a41859b7a578d2f5641d7f,Male,35-44,"$153,000 - $250,000",Divorced,Lawyer
2afe759eb8d393a8020eea0c4b6470067a9638efd47b8aa9439a0b76cce1208d,Female,45-54,"$153,000 - $250,000",Single,Teacher/Educator
251fa17149f11ca83dd4b09a16e6cb7d8b2c37b5f24a3e7e6b6889bef14e4c96,Unknown,55-64,"< $30,000",Unknown,Sales Executive
38193bce51dec01296881d7b7de20a8c4e80bab2787ffc2e728beba4bb8ac685,Male,25-34,"> $250,000",Single,Marketing Analyst
7ded4851230bb1b3f292a23d804495f8ed24fff1e4bfaeb39bb5c5d8a27aba0e,Unknown,35-44,"< $30,000",Married,Marketing Analyst
2f36aa20e772bfa543a1eb63a7929c0d89d4fa53a740ca8a5e1b52fe18402515,Unknown,45-54,"$30,001–$58,020",Unknown,Civil Engineer
4e7567c9e2576ffac37c568def918c103f3eb29136c55e9065e3a879496dd487,Male,45-54,"$153,000 - $250,000",Divorced,Lawyer
ab717d48743d9ececb01e69f8853e6b19a7692ba5467a11abc385a560a4c16d7,Male,35-44,"$30,001–$58,020",Unknown,Lawyer
25fbf21d5c64de7b99a0bdf4948991e6484448431365ab82594329d99b184551,Unknown,35-44,"$58,021–$94,000",Married,Data Scientist
4897586b9b4ee863e19c9c1c205348c5dd3b1926b5d946779c33795463bdcb99,Unknown,25-34,"> $250,000",Married,Data Scientist
ec5c4157bece398a5aa2d578cbdc0ade213506fa67f68192a4e2bc4820d37d28,Female,35-44,"$153,000 - $250,000",Married,Data Scientist
7dc22ad8a4c11ab0e2cb79a112d6b70e5ea79a762647c02b31be199c3b5c5bbb,Male,55-64,"$94,001–$153,000",Divorced,Accountant
56c01900f2f0c189082bf7c15588d149d8c561ffa950d22db6758dd2a4268387,Male,35-44,"< $30,000",Single,Doctor
19e8e619cec83ae48b6d5593f29a75387ed26574bcc93396917e97e0553f2edc,Unknown,18-24,"$94,001–$153,000",Unknown,Teacher/Educator
0e1e4d10c442a1ffb604cdc3c701a115f7cbdc66b7057c7cd4dd00b66a992af0,Female,25-34,"$30,001–$58,020",Divorced,Sales Executive
30dda72e882d33153d6e6de5efd924fdf2827f062fac3b4eab8949aea573206b,Unknown,65+,"$153,000 - $250,000",Unknown,Civil Engineer
0c257948665156b837db1c21495eb4a929d9a6d8aa159e62b132defe1e769de6,Female,45-54,"$58,021–$94,000",Married,Marketing Analyst
ed0183d453e276755b8d01b6221a89154af5c3a61ef4be630319689cbebb78b7,Female,25-34,"< $30,000",Divorced,Sales Executive
81a77163cb5237e55c9f0b977de3a7c8bf2f13b3fcbce3718f775daa7e12ac9d,Female,65+,"$153,000 - $250,000",Married,Marketing Analyst
0ff2bb0363c2f6294f2b3c21bc630d7f0987faed416d9262b9b6efa785f553f8,Unknown,65+,"$153,000 - $250,000",Single,Nurse
f91bfb2010c807ac08dabe5b15d2dce36d8f0ebbbf2c087f0a8870de5a938706,Unknown,45-54,"$153,000 - $250,000",Divorced,Lawyer
cab99160a90dcc9d244cc454a3413ae290e6a92bc6e863e0aa36bdf978cfdc58,Unknown,18-24,"> $250,000",Married,Lawyer
9c2ab634f95cf86738f60caf1ac214f33966a3f973599db5659f9911720e3a10,Male,25-34,"> $250,000",Unknown,Software Developer/Engineer
cc3af384a1b5ce6522d501d8150e39efb37f95d558ec3663d12e3536802459dd,Unknown,35-44,"$94,001–$153,000",Unknown,Lawyer
890fb579a6d05560caa952d5bce4486732a61bf8bac635091d41f856c7e2f2d2,Male,25-34,"$58,021–$94,000",Unknown,Data Scientist
600636c5f86144a34e0c7b9abf9bbdcbccf2bddfe53a5fa32adac25f1f158428,Female,35-44,"$30,001–$58,020",Single,Data Scientist
21d2ce2d2c8258a924dc0e04dac55d8bcbee14c51109942875204b7a7a525ed2,Unknown,35-44,"> $250,000",Divorced,Accountant
6d936a69f0172129570979b63ac7a80b79e041c0c5fea84c4b541f5c478d56ff,Female,55-64,"$30,001–$58,020",Divorced,Sales Executive
4ea1e4965c4daf62958390a142c52a21cf77f635aab2437b9b2183c867809215,Male,35-44,"$94,001–$153,000",Unknown,Accountant
7b53f21b303cd8d677de788d291b4d7fe495f77742fee1617c3507ca0d84fb2a,Female,45-54,"$153,000 - $250,000",Divorced,Data Scientist
a98f143cce9d53602f3644998148a47e59ed0fafc0d0433c374e7bc9acc5a083,Female,35-44,"$153,000 - $250,000",Divorced,Software Developer/Engineer
94b3edf342cef1adec84d94a38030c277b16f8d6c2e7fed680d7a997e3eb321f,Female,55-64,"$94,001–$153,000",Married,Lawyer
6121a91be92993479822005dd2943381cd846105f0b91e7213aec10dee977c9a,Unknown,18-24,"$58,021–$94,000",Unknown,Doctor
970bcd53799fb09104c6b5d8cd4bf4d993e227970be6a96bdf51f7421d112d96,Male,65+,"> $250,000",Married,Nurse
af54bcb2e168cf681a859ad831b972532707679f7b39c16e9cce623c48f41e75,Female,18-24,"< $30,000",Unknown,Data Scientist
13e044533556c8caebeb5fcb79dd53e01560f1d45ac70de252699a8b3ea690f1,Male,25-34,"$58,021–$94,000",Divorced,Accountant
8fdd729fe4cb1111f17c311762f22c100502f5aeb7d4d6fcedd1b321d977565b,Male,65+,"$58,021–$94,000",Married,Marketing Analyst
385f85a969266828256fba8bbd690155dde75adfa82acfb28d86efb711e9d829,Male,55-64,"> $250,000",Unknown,Civil Engineer
dc2cac8fbe867023acee2cc3b45fdd072040b225e3e8ffee7cc4160f6c58b093,Male,18-24,"$153,000 - $250,000",Divorced,Civil Engineer
2f3b38839d001b5d16dd541393cb0b284d18ad9a8cdabfac375375006ba524d4,Male,35-44,"$58,021–$94,000",Divorced,Civil Engineer
1b387d38528a74003a601b447bdad69384e115512a65dac49056ac38635ea417,Female,25-34,"> $250,000",Unknown,Software Developer/Engineer
537a4b2eed0eb369e5be867d3c09a4d3b095b534ce5962f265cc0a0e001ef532,Female,55-64,"$30,001–$58,020",Divorced,Lawyer
5f7e93e78e0faf12fa41049942240fe15c9b2d5a60c8d3dce1b0d8892ffae6f1,Unknown,18-24,"< $30,000",Divorced,Doctor
89d2889404567d30d4f15e279c3d8874cdef6b29c861f150ea76665754bbc6c9,Unknown,55-64,"$30,001–$58,020",Divorced,Sales Executive
3cf4ccd46e7f426ce1188fcdb5fdfcbbfb7b14a95625e7f20b849a83fa8c8012,Unknown,55-64,"$30,001–$58,020",Divorced,Lawyer
dbe4078606625012ca534ca47b34c3151be23f5449d5495c6fc0168d881c2b05,Male,65+,"> $250,000",Single,Doctor
65d6afab35d23806675468d2b1309c736a73bd19a0ad2e194ded83d05ea13f0e,Unknown,25-34,"< $30,000",Married,Software Developer/Engineer
8bb83b34ec6de8ea54f2f69360bc44843bf8d60e131626f22d106d38c70ba3e6,Male,25-34,"$58,021–$94,000",Unknown,Civil Engineer
88e3b455aaa6abc707afbd8a205561b75b86ae129d4390089ed14ca251595a10,Male,25-34,"$153,000 - $250,000",Unknown,Data Scientist
0e8ed614812596c91c1e977d68b02c0c7aa8d5364ab8630efda1988461ce0daf,Unknown,45-54,"$30,001–$58,020",Married,Sales Executive
02dc51b7ad01fb5356273c3bcf2921e71b702a370da3d8c7089596f81f4e3e74,Female,25-34,"$153,000 - $250,000",Divorced,Teacher/Educator
74dc88291f75cefa98d59b015c984f8f58ec3e212fd816d36453844d4dd4bca1,Female,45-54,"$58,021–$94,000",Divorced,Software Developer/Engineer
4cb31d580b77a80dff760a26a39f844d4315f5480600b3156ebcc242991badaf,Male,35-44,"> $250,000",Single,Software Developer/Engineer
f3146d0f6ad0609db4a733b2fb464790aff01ac756e473e358bef9a605cd5ef7,Male,65+,"< $30,000",Single,Accountant
02015cb164a5f576646d217c06f10410c0e39689fd58e0749368d271c0341263,Unknown,55-64,"$58,021–$94,000",Divorced,Accountant
c4ee52ebec0fa567521e751eecc176be17a541859643a0823caa8f14bd6d9be8,Unknown,45-54,"$30,001–$58,020",Divorced,Data Scientist
4e42775bc80203bd46a1388a9565642624698b92c416679b6f444a38da9d04f0,Female,55-64,"$153,000 - $250,000",Married,Software Developer/Engineer
f5355fccd0ec03e37d96be8dd8bc5f5a8eb00834bcb022afae4dc80e0c34f370,Unknown,35-44,"$30,001–$58,020",Married,Nurse
fb210f9b16d57098a977b614d1977bd11bd96b71d80f84621a5dee2e819af3ff,Female,45-54,"> $250,000",Divorced,Sales Executive
c9274eb97fcdc12ef69a5fb5b0a387344466ff0607ab3d0363c2492cba3ab23a,Male,25-34,"> $250,000",Divorced,Nurse
e9e33b240e31dbf5cea03f397cd1ad2b90d64db3fb534c3f2c61c8be1c5177c7,Unknown,18-24,"< $30,000",Married,Teacher/Educator
75b7c13045c09839a836e983fdecbcdc25079089f0ed874ef345d81144f02888,Male,45-54,"< $30,000",Single,Civil Engineer
b09d8f81f2af4e9c4766b0caf1ef50d3a3da94aef5577e17dbdfefef1fafe8bf,Unknown,25-34,"> $250,000",Married,Software Developer/Engineer
0298b458b9f21e48df9f8f061e4162c376faa5f90a87b1ba7180d5698798b5d8,Female,55-64,"$58,021–$94,000",Divorced,Civil Engineer
df8c288d79b9b1c6b19fdc29dc6c0ab3c3885bbaa79efa25047c7801baf988ef,Unknown,18-24,"$30,001–$58,020",Married,Nurse
22d06bd184cbc360a22e2223bb1b0ae353d130a2e0f2265e8ffceeed85f84396,Unknown,18-24,"$58,021–$94,000",Unknown,Civil Engineer
2aae30274c4453c51db4cd72f2482033707f035430bcbc9be6174e70f27ba554,Female,65+,"$153,000 - $250,000",Single,Doctor
5de44af919acceac8850b8187ffd054f80c2375425eebf11b7cd4c040201001b,Female,25-34,"< $30,000",Unknown,Teacher/Educator
760f3ce39dae1e0e6ad417f464508a71d8a92bbcdcccf8465baffeb6f213927e,Male,25-34,"> $250,000",Married,Marketing Analyst
182f8c912a41b2b1286fabe50af10c3811c14430067f2019fdea120efb5ade41,Male,55-64,"$153,000 - $250,000",Divorced,Sales Executive
ac247b4260ebe5193950e791c03f543aa226e9e64409de610bd31cc1fdccec35,Male,65+,"$58,021–$94,000",Married,Sales Executive
d7d4111d85b6c4a3b0c306e93f9ef29278c379d25d9989efab96c6b7b1bc1ade,Unknown,18-24,"< $30,000",Single,Data Scientist
007035c43fd21364b8bc47101d994633e161a6d1f5d273d2f49cb1ef07626c5a,Female,45-54,"$153,000 - $250,000",Divorced,Teacher/Educator
3861c22904fcca96b8714e8d38a7931bb60e8c55c5967bb3e24a43d79dd6dabf,Unknown,25-34,"$58,021–$94,000",Married,Doctor
cdfb588c3bcc4c6de34bf3ee60e65c2b1346f1c2497a77462f7a0017b694d375,Male,55-64,"> $250,000",Married,Doctor
5e73e090a09ef04e9fe9ce772eb7579c76a5828b3d0ba80e8166c110969650cc,Male,45-54,"< $30,000",Single,Teacher/Educator
212372061c82bdb1c5011adfedf72c357030a35c6d2ee6cc7b402a2236f51ad0,Male,25-34,"$94,001–$153,000",Divorced,Nurse
a62756aa662776450235d53ba5a160b6e0c6ece2e7097937cdfd426aef2ef39f,Female,35-44,"$94,001–$153,000",Single,Software Developer/Engineer
31cb16659273c7191760efbd2c8c14535af78d49774d6c36208097c533031b27,Unknown,35-44,"$94,001–$153,000",Married,Civil Engineer
a3e00184b991a870b83baa3f3fe1acc22802decab29b94423dfb292fa7d3207d,Male,35-44,"> $250,000",Married,Data Scientist
611f5bfbb22fd036670af6051544f8b65c92227dd62a9634969048385109a632,Unknown,45-54,"$30,001–$58,020",Married,Nurse
2cc5782ec69b816765c848999610988d75932135f191def09e1e99dc309e4b61,Male,35-44,"< $30,000",Unknown,Civil Engineer
713981e527ede261b409ada80ca09a1fc0a0df1c07e2820f31ed61970b8fbe48,Unknown,35-44,"$94,001–$153,000",Unknown,Nurse
81fa8381c9585919ab47254d60fb121d00aa768291d9ab1a1f74b9ecedf6079a,Female,18-24,"> $250,000",Divorced,Accountant
eaff08faf92660e6df3370c121cfbcd4922084f283daae5e468120ff9c3826b8,Female,35-44,"$153,000 - $250,000",Unknown,Marketing Analyst
6e6f6554883cfc5dea5a535bd4ee7235ee6022fc53a865dd1b25eb5b6c28f2fe,Male,65+,"> $250,000",Married,Doctor
3359b06b820352ba6f232ca4192ffc6d606a5f822f85c37185e61d320aeb9fbe,Male,18-24,"$58,021–$94,000",Unknown,Civil Engineer
1e5a96164de069b0890d6c7924905bf08bcd9178e79cf3ed25e44b7986465746,Female,25-34,"< $30,000",Unknown,Doctor
40eb8d9dc00363ea82ff08bf1a3303f7d9576a9fa9ee209c44abaacffb9af6e9,Male,65+,"$30,001–$58,020",Divorced,Data Scientist
56ae46ff7b0412575a28efd48c49342e901c5ac59ca597445f9d8b10f44551ee,Unknown,35-44,"$153,000 - $250,000",Divorced,Marketing Analyst
91ad53a48781ddebd633582af951ceef4a6d2effc4a72a02a2528bdfea55cc96,Unknown,18-24,"$153,000 - $250,000",Divorced,Accountant
5677c0c40b5f38ebc3d956d27c5df1d1e0ab1471bb7c8097e618fe5b3db392f9,Male,45-54,"$58,021–$94,000",Divorced,Teacher/Educator
4f793075b058d69f049f68caa6c4fbe46adb66e526473ab41fe4b503dbbad9a4,Male,18-24,"$30,001–$58,020",Married,Doctor
715cd89905662bb340e6708b2d03296d8abb890f5c35dec3dad8843e65532ed0,Female,35-44,"$94,001–$153,000",Single,Nurse
739597972c5bece9e5f5941639c60184d116d6c7d45e47002f1ec7f3fc70b5b5,Female,35-44,"$153,000 - $250,000",Single,Data Scientist
c92538c0cc1e4ad1137d0ed71034a91bc5e9184b30947e2406a1717e812b3b18,Unknown,45-54,"$94,001–$153,000",Single,Teacher/Educator
566df6034658d44b2574e8ab9b357fb3993e8d0570d19d61306097a4d85b7e82,Female,18-24,"< $30,000",Married,Lawyer
93b001e487bfaef8351d1e32fe7c103e4cecfb449b0efe315fa0a2b4a60006d2,Male,45-54,"$94,001–$153,000",Married,Lawyer
c258412ac5cd611ff45c445d39d721a3bcca2b431e0edc8a3f40f317cea585d8,Female,65+,"$58,021–$94,000",Married,Sales Executive
ef4b9c35abae993a6bde7fdf277ce8af8a9b2852856afb33149f6c41e5076b8a,Female,65+,"$94,001–$153,000",Single,Nurse
099cb6e5859ce7ec603c8ef12cf6f0f2727050bdec7359cd58323a1a3d61aaea,Male,55-64,"< $30,000",Married,Software Developer/Engineer
6826ad31b4a72ea440d5dd8e3a17ac1f9183a6814cc760a5dfc8ec4d5f251b25,Unknown,45-54,"$58,021–$94,000",Divorced,Software Developer/Engineer
868d74125bfc3030bc9f61bbe5c5206667a48fb3a0ffbbedcdf231cb39e610f9,Unknown,45-54,"< $30,000",Divorced,Teacher/Educator
d9489e9c915547fdd75ea2f01cab83d37266308c548fd933b55244f1d812bd52,Male,45-54,"< $30,000",Unknown,Lawyer
272e81bb03211d06e17cdffb0eb626f035d47d2b44e253d39f324ece0f1d5a83,Female,18-24,"$30,001–$58,020",Married,Marketing Analyst
8e6622170cf8747f6cf2040a7527a24bd15c9249271b725d662df2bbc152949a,Unknown,25-34,"$30,001–$58,020",Divorced,Teacher/Educator
1a9a0484cd96f04eaf8ef5cca636351bec63fc31caa97e356151e0a153763f3a,Female,65+,"$58,021–$94,000",Unknown,Lawyer
d8ca5588202f491441b2311e40b5d5c49b3682e757f49ac01c4a54b8cdba6ee7,Female,18-24,"> $250,000",Divorced,Doctor
0b7ead938218e1a2abf9e9e5503513e0b77ff9e1e693e4ee5e86ebc9392e22db,Unknown,35-44,"$153,000 - $250,000",Single,Software Developer/Engineer
b32f0b8c5593a0d677e1f43bcd0b57e4cfc5be6d7a1dc9c25912850dc964e752,Male,25-34,"$94,001–$153,000",Single,Software Developer/Engineer
87cf031745f302884a4124cb20fbeea417dffe90ff72756195fc521c0edcc79e,Unknown,35-44,"$58,021–$94,000",Unknown,Data Scientist
26ea582c3319bf57dd27a1bbcf2f3cb64bcda134e1d8fa9e1588e03c16ca192d,Female,18-24,"< $30,000",Single,Software Developer/Engineer
9c3201139e54bf3f11f24d8a55ed74550e01dde5bb62a152a72773e43c412edb,Male,65+,"< $30,000",Married,Accountant
40c0bc375507d52233b1502d1b5f4eef518a30699fb521c6c7de6165da6073b9,Unknown,18-24,"$58,021–$94,000",Divorced,Accountant
b21d4a4be3c51b5eef42f8256df07d9c24c102a97861e8d6182f14e236871d03,Unknown,18-24,"< $30,000",Divorced,Accountant
1d489f854310de6715912909d011ecf064e551b2608259a7cdee118550bad77a,Female,55-64,"< $30,000",Unknown,Marketing Analyst
62cea7900f9a2bfbbe842eebb8feff43d28f47f824247c44d81ec126ca5b5ecf,Male,55-64,"$153,000 - $250,000",Unknown,Accountant
c5cad6b470ad56e736ce57fda16a217429febefb7ced7c7a1612fc345ed4f9fc,Unknown,55-64,"$153,000 - $250,000",Married,Data Scientist
c8ca9cd857066ada6c706edcc5a6e438d676f9ff53c66ce9a7d126f066f2cbe4,Female,65+,"$58,021–$94,000",Married,Doctor
5aee43d198771d41bdc9154525711d02bbb4d6b7fbb674716fb00f525728f4d1,Unknown,55-64,"$30,001–$58,020",Divorced,Marketing Analyst
c73aa29b473914672d2ac1207f747fc85083ea42fbc1de64fb49646ce826b463,Male,25-34,"$94,001–$153,000",Married,Marketing Analyst
96eec2a2542b92d2ae4ac62f4f2642a806ec87b56b188a03c958a9a734f13f2d,Male,35-44,"$153,000 - $250,000",Divorced,Marketing Analyst
60bda7de5235862ce5516aeb3fb2b27c1957164b80305d6879849eae3f433d71,Male,25-34,"> $250,000",Single,Software Developer/Engineer
59a1b31e5eb487c9d9f70203ade5fa5afc55e118fdf5bac819ddf3449e2b22e9,Female,35-44,"$94,001–$153,000",Married,Marketing Analyst
c5feca5bb01a6a1c02dd6e8c5b2ef5fb0a115d958ddafee8312bc4a50008c048,Female,45-54,"> $250,000",Single,Doctor
2dd4a5367f6cf6ee288de0f5c2af90f73eef0fbc3391b63a6b8e9eaa4c1ccabb,Male,25-34,"$94,001–$153,000",Unknown,Teacher/Educator
0c2bda971c636656b4b8371cbd09a203f239eab1d3480af9f327e0c3af4cb96a,Male,25-34,"$30,001–$58,020",Married,Lawyer
6c7cc40486ee883e0f5e40647a5845cc270adcf3bd7faafec57aa54adbcea689,Female,55-64,"$153,000 - $250,000",Married,Doctor
929cc46a603f97e523ed507c6d68040a4cadbef7deab3c117ece30fa2500a0f8,Unknown,55-64,"< $30,000",Single,Civil Engineer
baa0d216d0486cdc06a7e13743fba800f01111b81c9763b639a1ff262fc2cd2f,Male,65+,"$30,001–$58,020",Single,Marketing Analyst
bb6ff8993bbd298c98117e4ef4a4781598272d761597a3d7b9af905e61b3ad54,Female,25-34,"> $250,000",Unknown,Accountant
07282ad2db30f6a0c7cd9b895092e3045a975221319eb1004bffea435222f8e7,Female,45-54,"$153,000 - $250,000",Divorced,Nurse
211aede1847162c6a012fa77756459d449e65093807bfb16b995e47dabdcecfe,Female,65+,"$94,001–$153,000",Unknown,Lawyer
c3e93885e8e9a449cf65f8948d1e7434ac1220b677067c2b7321a77829adf51f,Male,55-64,"< $30,000",Divorced,Teacher/Educator
a177109623235132499ba0105dc2d70e2d3141a94f28363ebc7191b062a66d1f,Unknown,35-44,"$30,001–$58,020",Divorced,Nurse
5c6cc2193ac43264cd7635fe4e9bf0a27406908036ade7c1bfa2d0a1fe9e60e0,Unknown,35-44,"> $250,000",Divorced,Civil Engineer
af76125e9a5e682d26dbb39ee9704c87075fc60dc4a329777332c2585e878af9,Unknown,55-64,"$58,021–$94,000",Married,Nurse
2634c0f439ab78ca2e8b3045f54346875f8a809446516789005d63dbedaf6f29,Female,65+,"> $250,000",Unknown,Lawyer
2e5996a5f7e6739f18aba8ad258db2819f5e32643b9bc9199501fc772908bbaa,Male,25-34,"$94,001–$153,000",Single,Civil Engineer
bab35829ace2947cd05617729cb1eb624e41775972eee7007ae32afc1b246578,Unknown,18-24,"$94,001–$153,000",Single,Civil Engineer
076ea09073389f75afcde24ddd728ee30329a59344c1191abe3d3c1b54944491,Male,45-54,"$153,000 - $250,000",Single,Accountant
b59e4789f0d7de9162e2f9188230498ca69e788aeb0d2b7d4756f3dbd1823403,Unknown,45-54,"$58,021–$94,000",Divorced,Sales Executive
9096201cf0402474e7674663a0196abae3c9fe37398800949c4b541916e9d771,Male,65+,"> $250,000",Single,Sales Executive
0b524474e15652857fa0c6765dbc39dee270e65c188876f47f8d406290bb911e,Female,35-44,"< $30,000",Single,Teacher/Educator
3843270dbdbabefb5b0c2397991624278f4fb42a68dc72cc651229644967ddcd,Female,18-24,"$153,000 - $250,000",Unknown,Data Scientist
8850d20bc9f1cbf637fe8b33d93c62a5146c4890396d4516e041e617ea3712f6,Female,25-34,"$153,000 - $250,000",Divorced,Teacher/Educator
beda42f8c64e4539547ca445515308a24e3435e6d0620dae6212f2e011b4a6d6,Female,35-44,"$153,000 - $250,000",Divorced,Marketing Analyst
2d26908dd4cc0a3eaca193782c59ddbc69c58fbf3c432c6d92198b4747d07b69,Unknown,45-54,"> $250,000",Single,Accountant
36a51380c25ddc0e3f3ae0fb2622771a859ce71d1ce95924baee26a2ee576439,Female,45-54,"$153,000 - $250,000",Unknown,Civil Engineer
e5570a61baaaf591eaedaa4c769f07b26e2035c971eaed63960dab673ae8f952,Female,65+,"< $30,000",Unknown,Sales Executive
67a1b16a68a94e384458e5ee9ec9906fa0fdc5cd018cbb34c10fc5967c43a811,Male,55-64,"$153,000 - $250,000",Unknown,Software Developer/Engineer
633bec8133e964f8479ce2008639fd9919f01a5c5328bdbeb03ccde8de9c57e5,Unknown,55-64,"> $250,000",Married,Doctor
caa71036143fb4ebdba68c3a7ec67ff352f5755c2bc13b3eb5bed62cf64abb16,Female,25-34,"> $250,000",Divorced,Sales Executive
aae10a000cb338b8cd6b18d681c0ca20894fbd68282651b8835c1c8dc5e35e92,Female,55-64,"< $30,000",Married,Lawyer
67dbbc265e8e73bc446f39b06881da5249a81b0908222596273c11f845a113d0,Female,25-34,"> $250,000",Married,Teacher/Educator
af7c9eb12e8d56e8f242a5b0302b9627fc0faa9ee48d49175232b2fd62498594,Male,45-54,"> $250,000",Single,Lawyer
94b75b22d6830907829d3ff7bdefb4ed963df0bc1ec1b03e2c074b6440590fd5,Female,55-64,"< $30,000",Married,Data Scientist
68b6f75e5cb54360c9185bed430c0a89010b9a3f30e427e2b6b930aa8e341bf6,Male,18-24,"< $30,000",Unknown,Accountant
540f08d4f597aa0b005d1f220779c15806f6dabc9f9cc35116d1de7fbc6a11a3,Male,45-54,"$153,000 - $250,000",Unknown,Lawyer
e35f167aafc54d2e1762151843b83d7d260195ad73ea722299734d8c2ed8d432,Female,45-54,"$30,001–$58,020",Single,Marketing Analyst
a3aedd3f31086cb3d0a55c847b0cf1abbf11e96577e526e2042b5984ebfb3329,Male,25-34,"$94,001–$153,000",Unknown,Teacher/Educator
1b7df1189ffdbca042bee32e580c4ecef83eaf3bb7a2a63cbedd49bf3823ae38,Female,55-64,"> $250,000",Single,Civil Engineer
8bfe810beeb59f6f0f699da1f282830878222706cb6070cb83aab6a4aabdc8db,Female,35-44,"> $250,000",Divorced,Data Scientist
7bb706ed29035bf6e424ce00963b2b97fcdcdd14589f7e544c638d7c6dbc9163,Unknown,35-44,"< $30,000",Unknown,Nurse
d00bc74495708f71747ff9b1e5fc67b334ca2e788900ae2591aa1a2c61597cf2,Male,65+,"< $30,000",Single,Accountant
50b18fe901973b0e0f43191d3950145a52f712bbc5e30fd13a3918e5c2ec7e1e,Female,18-24,"$153,000 - $250,000",Unknown,Marketing Analyst
c0c3148c265f262279af9b53bad009c35d4ea3c9f23eba178d1e0765f7b96a5a,Male,55-64,"$153,000 - $250,000",Married,Nurse
5a2870e10643d9c7f22bfbd8f252d3d25195197ddd4be5175d718dd91387c5e4,Female,65+,"$30,001–$58,020",Single,Sales Executive
